Hostname,IP,MAC,Vendor
N/D,192.168.188.1,00:90:7f:e5:20:a1,"WatchGuard Technologies, Inc."
N/D,192.168.188.5,e4:5f:01:71:70:1c,Raspberry Pi Trading Ltd
CANOND009B3,192.168.188.10,34:9f:7b:d0:09:b3,CANON INC.
miniPC-AI,192.168.188.11,68:1d:ef:35:4e:3e,"Shenzhen CYX Technology Co., Ltd."
CONNECTA-VIDEO,192.168.188.18,00:11:32:84:8e:8c,Synology Incorporated
CONNECTA-NAS,192.168.188.19,90:09:d0:78:3d:1d,Synology Incorporated
CANONCEE777,192.168.188.20,34:9f:7b:ce:e7:77,CANON INC.
N/D,192.168.188.40,e0:92:8f:90:0f:d2,Texas Instruments
N/D,192.168.188.71,8c:ec:4b:b7:3c:4c,Dell Inc.
MAC-BC5881,192.168.188.90,80:6d:97:12:bf:74,Private
N/D,192.168.188.100,00:02:69:0e:37:0e,"Nadatel Co., Ltd"
N/D,192.168.188.101,d8:ec:e5:8d:e1:87,Zyxel Communications Corporation
N/D,192.168.188.102,b8:d5:26:ff:a9:67,Zyxel Communications Corporation
N/D,192.168.188.103,80:5e:0c:27:99:56,"YEALINK(XIAMEN) NETWORK TECHNOLOGY CO.,LTD."
N/D,192.168.188.104,80:5e:0c:27:98:56,"YEALINK(XIAMEN) NETWORK TECHNOLOGY CO.,LTD."
N/D,192.168.188.105,80:5e:0c:27:98:41,"YEALINK(XIAMEN) NETWORK TECHNOLOGY CO.,LTD."
N/D,192.168.188.106,80:5e:0c:27:98:36,"YEALINK(XIAMEN) NETWORK TECHNOLOGY CO.,LTD."
N/D,192.168.188.107,80:5e:0c:2d:3c:43,"YEALINK(XIAMEN) NETWORK TECHNOLOGY CO.,LTD."
N/D,192.168.188.108,80:5e:0c:56:68:4e,"YEALINK(XIAMEN) NETWORK TECHNOLOGY CO.,LTD."
N/D,192.168.188.109,80:5e:0c:2d:3c:8c,"YEALINK(XIAMEN) NETWORK TECHNOLOGY CO.,LTD."
N/D,192.168.188.111,00:19:ba:15:3f:e1,Paradox Security Systems Ltd
N/D,192.168.188.112,80:5e:0c:56:68:29,"YEALINK(XIAMEN) NETWORK TECHNOLOGY CO.,LTD."
N/D,192.168.188.113,40:22:d8:61:82:f4,Espressif Inc.
N/D,192.168.188.116,d2:59:37:07:0f:4a,N/D
N/D,192.168.188.118,c2:64:12:d8:91:0f,N/D
N/D,192.168.188.119,94:0e:6b:b5:50:21,"HUAWEI TECHNOLOGIES CO.,LTD"
N/D,192.168.188.122,5c:8b:6b:d1:52:9a,Amazon Technologies Inc.
N/D,192.168.188.123,b8:ec:a3:df:aa:01,Zyxel Communications Corporation
N/D,192.168.188.124,68:f6:3b:69:22:bb,Amazon Technologies Inc.
N/D,192.168.188.128,ca:4e:32:0b:14:8d,N/D
N/D,192.168.188.129,2e:73:23:73:3e:6b,N/D
N/D,192.168.188.132,f2:16:17:9a:25:81,N/D
N/D,192.168.188.137,9a:a8:25:fd:94:2f,N/D
MAC-2A4B1D,192.168.188.154,a4:fc:14:2a:4b:1d,"Apple, Inc."
N/D,192.168.188.157,ce:65:bd:3e:f7:86,N/D
N/D,192.168.188.164,2a:87:ba:06:58:9b,N/D
MAC-BC5881,192.168.188.171,26:8f:2e:75:b5:a6,N/D
N/D,192.168.188.180,80:5e:0c:56:65:63,"YEALINK(XIAMEN) NETWORK TECHNOLOGY CO.,LTD."
N/D,192.168.188.183,24:5a:4c:15:53:63,Ubiquiti Inc
N/D,192.168.188.187,86:ff:87:f4:51:6c,N/D
NOTEBOO-MAGAZZI,192.168.188.195,8c:c8:4b:72:c1:d9,"CHONGQING FUGUI ELECTRONICS CO.,LTD."
LMT65,192.168.188.205,50:7c:6f:15:e6:41,Intel Corporate
NB-Arlinda,192.168.188.207,f8:9e:94:f5:d3:d1,Intel Corporate
MAC-5B5015,192.168.188.208,d2:f9:23:61:2a:c6,N/D
PC-SAMUELE,192.168.188.211,80:6d:97:4c:19:72,Private
N/D,192.168.188.212,72:bb:03:d4:04:a6,N/D
MACBOOKPRO-8523,192.168.188.213,98:fc:84:ed:0a:94,IEEE Registration Authority
MACBOOKPRO-8523,192.168.188.218,9a:f9:e0:48:df:32,N/D
N/D,192.168.188.221,82:64:3c:6f:e6:da,N/D
N/D,192.168.188.222,34:00:8a:b0:34:71,IEEE Registration Authority
GianlucaPC,192.168.188.226,60:a5:e2:1f:24:a8,Intel Corporate
N/D,192.168.188.227,2e:17:af:f8:73:6f,N/D
MACBOOK-PRO-MAX,192.168.188.228,d2:b1:cd:0a:31:ed,N/D
N/D,192.168.188.229,1a:ae:23:6d:3a:fb,N/D
N/D,192.168.188.238,f8:4e:58:a4:7e:04,"Samsung Electronics Co.,Ltd"
N/D,192.168.188.240,b0:4a:b4:96:dd:aa,"Motorola Mobility LLC, a Lenovo Company"
N/D,192.168.188.247,fa:ff:12:0b:ba:fa,N/D
Gabriele,192.168.188.115,N/D,N/D
N/D,192.168.188.249,N/D,N/D
